[
  {
    "annual_salary": 0,
    "hourly_salary": 0,
    "last_pay_rate": 7.25,
    "rate_1": 11,
    "ss_number": 111111111,
    "actual_marital_status": "S",
    "actual_marital_status_description": "Single",
    "birth_date": "3/30/1981",
    "business_title": "Server",
    "city": "MEMPHIS",
    "clocksequencenumber": 1052,
    "department_code": 400000,
    "department_description": "Employee",
    "eeoc_class": 9,
    "eeoc_class_description": "Service Workers",
    "employee_added": "11/23/2021",
    "employee_code": "A0JG",
    "employee_gl_code": "A0JG",
    "employee_name": "Duck, Daffy",
    "employee_status": "A",
    "firstname": "Daffy",
    "fulltime_or_parttime": 1,
    "gender": 2,
    "hire_date": "1/8/2015",
    "labor_allocation_details": "[400000] - Dixon Gallery & Gardens - Memphis Branch",
    "lastname": "Duck",
    "location": "Disney",
    "nickname": "",
    "position_code": "023",
    "position_family": "Employee",
    "position_family_code": "011",
    "position_family_name": "Employee",
    "position_id": "Server",
    "position_seat_number": "001EL",
    "position_seat_title": "Server",
    "position_title": "Server",
    "primary_phone": 5555512043,
    "primary_phone_type": 0,
    "secondary_phone": 5555553915,
    "secondary_phone_type": 0,
    "state": "TX",
    "street": "111 VILLAGE WOODS DR",
    "supervisor_primary": "",
    "supervisor_primary_code": "",
    "termination_reason": "",
    "termination_type": "",
    "termination_date": "",
    "zipcode": 38116,
    "cat1": 928,
    "cat1desc": "Dixon Gallery & Gardens",
    "cat2": "MEM",
    "cat2desc": "Memphis Branch",
    "companyLocationId": 20128
  },
  {
    "annual_salary": 0,
    "hourly_salary": 0,
    "last_pay_rate": 7.25,
    "rate_1": 11,
    "ss_number": 111111112,
    "actual_marital_status": "D",
    "actual_marital_status_description": "Divorced",
    "birth_date": "2/25/1968",
    "business_title": "Bartender",
    "city": "MEMPHIS",
    "clocksequencenumber": 1053,
    "department_code": 400000,
    "department_description": "Employee",
    "eeoc_class": 9,
    "eeoc_class_description": "Service Workers",
    "employee_added": "11/23/2021",
    "employee_code": "A0JH",
    "employee_gl_code": "A0JH",
    "employee_name": "Mouse, Mickey",
    "employee_status": "A",
    "firstname": "Mickey",
    "fulltime_or_parttime": 1,
    "gender": 2,
    "hire_date": "1/25/2015",
    "labor_allocation_details": "[400000] - Dixon Gallery & Gardens - Memphis Branch",
    "lastname": "Mouse",
    "location": "Disney",
    "nickname": "",
    "position_code": "047",
    "position_family": "Employee",
    "position_family_code": "011",
    "position_family_name": "Employee",
    "position_id": "Bartender",
    "position_seat_number": "0027U",
    "position_seat_title": "Bartender",
    "position_title": "Bartender",
    "primary_phone": 5555559610,
    "primary_phone_type": 0,
    "secondary_phone": "",
    "secondary_phone_type": 0,
    "state": "TX",
    "street": "222 MILLBRANCH RD",
    "supervisor_primary": "",
    "supervisor_primary_code": "",
    "termination_reason": "",
    "termination_type": "",
    "termination_date": "",
    "zipcode": "38116-7400",
    "cat1": 928,
    "cat1desc": "Dixon Gallery & Gardens",
    "cat2": "MEM",
    "cat2desc": "Memphis Branch",
    "companyLocationId": 20128
  },
  {
    "annual_salary": 0,
    "hourly_salary": 0,
    "last_pay_rate": 7.25,
    "rate_1": 11,
    "ss_number": 111111113,
    "actual_marital_status": "S",
    "actual_marital_status_description": "Single",
    "birth_date": "5/5/1951",
    "business_title": "Bartender",
    "city": "MEMPHIS",
    "clocksequencenumber": 1109,
    "department_code": 400000,
    "department_description": "Employee",
    "eeoc_class": 9,
    "eeoc_class_description": "Service Workers",
    "employee_added": "11/23/2021",
    "employee_code": "A0JI",
    "employee_gl_code": "A0JI",
    "employee_name": "Mouse, Minnie",
    "employee_status": "A",
    "firstname": "Minnie",
    "fulltime_or_parttime": 1,
    "gender": 1,
    "hire_date": "3/4/2015",
    "labor_allocation_details": "[400000] - Triad Center  - Memphis Branch",
    "lastname": "Mouse",
    "location": "Disney",
    "nickname": "",
    "position_code": "047",
    "position_family": "Employee",
    "position_family_code": "011",
    "position_family_name": "Employee",
    "position_id": "Bartender",
    "position_seat_number": "0026G",
    "position_seat_title": "Bartender",
    "position_title": "Bartender",
    "primary_phone": 5555555854,
    "primary_phone_type": 2,
    "secondary_phone": "",
    "secondary_phone_type": 0,
    "state": "TX",
    "street": "333 WESTERN PARK DR",
    "supervisor_primary": "",
    "supervisor_primary_code": "",
    "termination_reason": "",
    "termination_type": "",
    "termination_date": "",
    "zipcode": 38109,
    "cat1": 935,
    "cat1desc": "Triad Center",
    "cat2": "MEM",
    "cat2desc": "Memphis Branch",
    "companyLocationId": 20128
  },
  {
    "annual_salary": 0,
    "hourly_salary": 0,
    "last_pay_rate": 11,
    "rate_1": 7.25,
    "ss_number": 111111114,
    "actual_marital_status": "S",
    "actual_marital_status_description": "Single",
    "birth_date": "6/30/1992",
    "business_title": "Server",
    "city": "MILLINGTON",
    "clocksequencenumber": 1616,
    "department_code": 400000,
    "department_description": "Employee",
    "eeoc_class": 9,
    "eeoc_class_description": "Service Workers",
    "employee_added": "11/23/2021",
    "employee_code": "A0JJ",
    "employee_gl_code": "A0JJ",
    "employee_name": "Duck, Donald",
    "employee_status": "A",
    "firstname": "Donald",
    "fulltime_or_parttime": 1,
    "gender": 2,
    "hire_date": "5/19/2016",
    "labor_allocation_details": "[400000] - Drain Maintenance - Memphis Branch",
    "lastname": "Duck",
    "location": "Disney",
    "nickname": "",
    "position_code": "023",
    "position_family": "Employee",
    "position_family_code": "011",
    "position_family_name": "Employee",
    "position_id": "Server",
    "position_seat_number": "001PG",
    "position_seat_title": "Server",
    "position_title": "Server",
    "primary_phone": 5555551777,
    "primary_phone_type": 0,
    "secondary_phone": 5555559975,
    "secondary_phone_type": 0,
    "state": "TX",
    "street": "444 WILKINSVILLE RD",
    "supervisor_primary": "White, Mark",
    "supervisor_primary_code": "93N5",
    "termination_reason": "NCNS",
    "termination_type": "",
    "termination_date": "2/1/2025",
    "zipcode": 38053,
    "cat1": 346,
    "cat1desc": "Drain Maintenance",
    "cat2": "MEM",
    "cat2desc": "Memphis Branch",
    "companyLocationId": 20128
  },
  {
    "annual_salary": 0,
    "hourly_salary": 0,
    "last_pay_rate": 7.25,
    "rate_1": 11,
    "ss_number": 111111115,
    "actual_marital_status": "S",
    "actual_marital_status_description": "Single",
    "birth_date": "11/17/1961",
    "business_title": "Cook",
    "city": "MEMPHIS",
    "clocksequencenumber": 1393,
    "department_code": 400000,
    "department_description": "Employee",
    "eeoc_class": 9,
    "eeoc_class_description": "Service Workers",
    "employee_added": "11/23/2021",
    "employee_code": "A0KN",
    "employee_gl_code": "A0KN",
    "employee_name": "Dog, Pluto",
    "employee_status": "A",
    "firstname": "Pluto",
    "fulltime_or_parttime": 1,
    "gender": 2,
    "hire_date": "11/11/2015",
    "labor_allocation_details": "[400000] - Hickory Ridge Town Center - Memphis Branch",
    "lastname": "Dog",
    "location": "Disney",
    "nickname": "",
    "position_code": "049",
    "position_family": "Employee",
    "position_family_code": "011",
    "position_family_name": "Employee",
    "position_id": "Cook",
    "position_seat_number": "00025",
    "position_seat_title": "Cook",
    "position_title": "Cook",
    "primary_phone": 5555552909,
    "primary_phone_type": 2,
    "secondary_phone": 5555550040,
    "secondary_phone_type": 1,
    "state": "TX",
    "street": "555 PLEASANT HOLLOW DR",
    "supervisor_primary": "",
    "supervisor_primary_code": "",
    "termination_reason": "",
    "termination_type": "",
    "termination_date": "",
    "zipcode": 38115,
    "cat1": 300,
    "cat1desc": "Hickory Ridge Town Center",
    "cat2": "MEM",
    "cat2desc": "Memphis Branch",
    "companyLocationId": 20128
  },
  {
    "annual_salary": 0,
    "hourly_salary": 0,
    "last_pay_rate": 7.25,
    "rate_1": 11,
    "ss_number": 111111116,
    "actual_marital_status": "S",
    "actual_marital_status_description": "Single",
    "birth_date": "1/28/1990",
    "business_title": "Bartender",
    "city": "MEMPHIS",
    "clocksequencenumber": 3571,
    "department_code": 400000,
    "department_description": "Employee",
    "eeoc_class": 9,
    "eeoc_class_description": "Service Workers",
    "employee_added": "11/23/2021",
    "employee_code": "A0KO",
    "employee_gl_code": "A0KO",
    "employee_name": "Bunny, Bugs",
    "employee_status": "A",
    "firstname": "Bugs",
    "fulltime_or_parttime": 1,
    "gender": 2,
    "hire_date": "8/12/2020",
    "labor_allocation_details": "[400000] - St Peters Manor - Memphis Branch",
    "lastname": "Bunny",
    "location": "Disney",
    "nickname": "",
    "position_code": "047",
    "position_family": "Employee",
    "position_family_code": "011",
    "position_family_name": "Employee",
    "position_id": "Bartender",
    "position_seat_number": "00254",
    "position_seat_title": "Bartender",
    "position_title": "Bartender",
    "primary_phone": 5555558130,
    "primary_phone_type": 0,
    "secondary_phone": 5555555799,
    "secondary_phone_type": 2,
    "state": "TX",
    "street": "666 S. GREER ST",
    "supervisor_primary": "",
    "supervisor_primary_code": "",
    "termination_reason": "",
    "termination_type": "",
    "termination_date": "",
    "zipcode": 38111,
    "cat1": 333,
    "cat1desc": "St Peters Manor",
    "cat2": "MEM",
    "cat2desc": "Memphis Branch",
    "companyLocationId": 20128
  },
  {
    "annual_salary": 0,
    "hourly_salary": 0,
    "last_pay_rate": 7.25,
    "rate_1": 11,
    "ss_number": 111111117,
    "actual_marital_status": "S",
    "actual_marital_status_description": "Single",
    "birth_date": "8/12/1975",
    "business_title": "Bartender",
    "city": "MEMPHIS",
    "clocksequencenumber": 2505,
    "department_code": 400000,
    "department_description": "Employee",
    "eeoc_class": 9,
    "eeoc_class_description": "Service Workers",
    "employee_added": "11/23/2021",
    "employee_code": "A0L1",
    "employee_gl_code": "A0L1",
    "employee_name": "Boop, Betty",
    "employee_status": "A",
    "firstname": "Betty",
    "fulltime_or_parttime": 2,
    "gender": 1,
    "hire_date": "3/12/2018",
    "labor_allocation_details": "[400000] - Draslovka - Memphis Branch",
    "lastname": "Boop",
    "location": "Disney",
    "nickname": "",
    "position_code": "047",
    "position_family": "Employee",
    "position_family_code": "011",
    "position_family_name": "Employee",
    "position_id": "Bartender",
    "position_seat_number": "0022I",
    "position_seat_title": "Bartender",
    "position_title": "Bartender",
    "primary_phone": 5555553998,
    "primary_phone_type": 0,
    "secondary_phone": 5555552552,
    "secondary_phone_type": 0,
    "state": "TX",
    "street": "7777 GILBERT ROAD",
    "supervisor_primary": "",
    "supervisor_primary_code": "93N5",
    "termination_reason": "",
    "termination_type": "",
    "termination_date": "",
    "zipcode": 38116,
    "cat1": 1191,
    "cat1desc": "Draslovka",
    "cat2": "MEM",
    "cat2desc": "Memphis Branch",
    "companyLocationId": 20128
  },
  {
    "annual_salary": 0,
    "hourly_salary": 0,
    "last_pay_rate": 7.25,
    "rate_1": 11,
    "ss_number": 111111118,
    "actual_marital_status": "S",
    "actual_marital_status_description": "Single",
    "birth_date": "2/26/1980",
    "business_title": "Server",
    "city": "MEMPHIS",
    "clocksequencenumber": 2028,
    "department_code": 400000,
    "department_description": "Employee",
    "eeoc_class": 9,
    "eeoc_class_description": "Service Workers",
    "employee_added": "11/23/2021",
    "employee_code": "A0L3",
    "employee_gl_code": "A0L3",
    "employee_name": "Cat, Tom",
    "employee_status": "A",
    "firstname": "Tom",
    "fulltime_or_parttime": 1,
    "gender": 2,
    "hire_date": "3/6/2017",
    "labor_allocation_details": "[400000] - Dixon Gallery & Gardens - Memphis Branch",
    "lastname": "Cat",
    "location": "Disney",
    "nickname": "",
    "position_code": "023",
    "position_family": "Employee",
    "position_family_code": "011",
    "position_family_name": "Employee",
    "position_id": "Server",
    "position_seat_number": "001S7",
    "position_seat_title": "Server",
    "position_title": "Server",
    "primary_phone": 5555554427,
    "primary_phone_type": 0,
    "secondary_phone": 5555551053,
    "secondary_phone_type": 0,
    "state": "TX",
    "street": "888 EASTVIEW ST",
    "supervisor_primary": "",
    "supervisor_primary_code": "",
    "termination_reason": "",
    "termination_type": "",
    "termination_date": "",
    "zipcode": 38112,
    "cat1": 928,
    "cat1desc": "Dixon Gallery & Gardens",
    "cat2": "MEM",
    "cat2desc": "Memphis Branch",
    "companyLocationId": 20128
  },
  {
    "annual_salary": 0,
    "hourly_salary": 0,
    "last_pay_rate": 11,
    "rate_1": 7.25,
    "ss_number": 111111119,
    "actual_marital_status": "S",
    "actual_marital_status_description": "Single",
    "birth_date": "1/22/1999",
    "business_title": "Server",
    "city": "MEMPHIS",
    "clocksequencenumber": 3633,
    "department_code": 400000,
    "department_description": "Employee",
    "eeoc_class": 9,
    "eeoc_class_description": "Service Workers",
    "employee_added": "11/23/2021",
    "employee_code": "A0L6",
    "employee_gl_code": "A0L6",
    "employee_name": "Mouse, Jerry",
    "employee_status": "A",
    "firstname": "Jerry",
    "fulltime_or_parttime": 1,
    "gender": 2,
    "hire_date": "9/16/2020",
    "labor_allocation_details": "[400000] - Kruger Products - Memphis Branch",
    "lastname": "Mouse",
    "location": "Disney",
    "nickname": "",
    "position_code": "023",
    "position_family": "Employee",
    "position_family_code": "011",
    "position_family_name": "Employee",
    "position_id": "Server",
    "position_seat_number": "0019L",
    "position_seat_title": "Server",
    "position_title": "Server",
    "primary_phone": 5555559975,
    "primary_phone_type": 0,
    "secondary_phone": "",
    "secondary_phone_type": 0,
    "state": "OK",
    "street": "9999 CHARLESTON RUN CV",
    "supervisor_primary": "Cornish, Dan",
    "supervisor_primary_code": "93N5",
    "termination_reason": "",
    "termination_type": "",
    "termination_date": "",
    "zipcode": 38125,
    "cat1": 1224,
    "cat1desc": "Kruger Products",
    "cat2": "MEM",
    "cat2desc": "Memphis Branch",
    "companyLocationId": 20128
  },
  {
    "annual_salary": 2462.03,
    "hourly_salary": 30.775375,
    "last_pay_rate": 2347.03,
    "rate_1": 0,
    "ss_number": 111111120,
    "actual_marital_status": "S",
    "actual_marital_status_description": "Single",
    "birth_date": "10/13/1974",
    "business_title": "FOH Manager",
    "city": "MEMPHIS",
    "clocksequencenumber": 7045,
    "department_code": 300000,
    "department_description": "Management",
    "eeoc_class": "",
    "eeoc_class_description": "First/Mid-Level Officials and Managers",
    "employee_added": "11/23/2021",
    "employee_code": "A0LC",
    "employee_gl_code": "A0LC",
    "employee_name": "Dog, Snoopy",
    "employee_status": "A",
    "firstname": "Snoopy",
    "fulltime_or_parttime": 1,
    "gender": 1,
    "hire_date": "9/19/2021",
    "labor_allocation_details": "[300000] - Mem1 - Memphis Branch",
    "lastname": "Dog",
    "location": "Disney",
    "nickname": "",
    "position_code": "008",
    "position_family": "Manager",
    "position_family_code": "008",
    "position_family_name": "Manager",
    "position_id": "FOH Manager",
    "position_seat_number": "0000B",
    "position_seat_title": "FOH Manager",
    "position_title": "FOH Manager",
    "primary_phone": 5555550040,
    "primary_phone_type": 2,
    "secondary_phone": 5555551777,
    "secondary_phone_type": 2,
    "state": "OK",
    "street": "1010 PERY PARK DR",
    "supervisor_primary": "Denis, JF",
    "supervisor_primary_code": "A0N6",
    "termination_reason": "",
    "termination_type": "",
    "termination_date": "",
    "zipcode": 38118,
    "cat1": 9901,
    "cat1desc": "Mem1",
    "cat2": "MEM",
    "cat2desc": "Memphis Branch",
    "companyLocationId": 20128
  },
  {
    "annual_salary": 0,
    "hourly_salary": 0,
    "last_pay_rate": 7.25,
    "rate_1": 11,
    "ss_number": 111111121,
    "actual_marital_status": "M",
    "actual_marital_status_description": "Married",
    "birth_date": "9/24/1973",
    "business_title": "Server",
    "city": "MEMPHIS",
    "clocksequencenumber": 1074,
    "department_code": 400000,
    "department_description": "Employee",
    "eeoc_class": 9,
    "eeoc_class_description": "Service Workers",
    "employee_added": "11/23/2021",
    "employee_code": "A0LM",
    "employee_gl_code": "A0LM",
    "employee_name": "Panther, Pink",
    "employee_status": "A",
    "firstname": "Pink",
    "fulltime_or_parttime": 1,
    "gender": 1,
    "hire_date": "1/12/2015",
    "labor_allocation_details": "[400000] - Hyosung Power Plant -   Mitsubushi - Memphis Branch",
    "lastname": "Panther",
    "location": "Disney",
    "nickname": "",
    "position_code": "023",
    "position_family": "Employee",
    "position_family_code": "011",
    "position_family_name": "Employee",
    "position_id": "Server",
    "position_seat_number": "001FN",
    "position_seat_title": "Server",
    "position_title": "Server",
    "primary_phone": 5555555799,
    "primary_phone_type": 2,
    "secondary_phone": "",
    "secondary_phone_type": 0,
    "state": "OK",
    "street": "P.O. BOX 34332",
    "supervisor_primary": "White, Mark",
    "supervisor_primary_code": 9174,
    "termination_reason": "",
    "termination_type": "",
    "termination_date": "",
    "zipcode": 38177,
    "cat1": 858,
    "cat1desc": "Hyosung Power Plant -   Mitsubushi",
    "cat2": "MEM",
    "cat2desc": "Memphis Branch",
    "companyLocationId": 20128
  },
  {
    "annual_salary": 0,
    "hourly_salary": 0,
    "last_pay_rate": 11,
    "rate_1": 7.25,
    "ss_number": 111111122,
    "actual_marital_status": "M",
    "actual_marital_status_description": "Married",
    "birth_date": "11/3/1955",
    "business_title": "Bartender",
    "city": "MEMPHIS",
    "clocksequencenumber": 4090,
    "department_code": 400000,
    "department_description": "Employee",
    "eeoc_class": 9,
    "eeoc_class_description": "Service Workers",
    "employee_added": "11/23/2021",
    "employee_code": "A0MU",
    "employee_gl_code": "A0MU",
    "employee_name": "Brown, Charlie",
    "employee_status": "A",
    "firstname": "Charlie",
    "fulltime_or_parttime": 1,
    "gender": 1,
    "hire_date": "6/9/2021",
    "labor_allocation_details": "[400000] - IKEA - Memphis Branch",
    "lastname": "Brown",
    "location": "Disney",
    "nickname": "",
    "position_code": "047",
    "position_family": "Employee",
    "position_family_code": "011",
    "position_family_name": "Employee",
    "position_id": "Bartender",
    "position_seat_number": "002A4",
    "position_seat_title": "Bartender",
    "position_title": "Bartender",
    "primary_phone": 5555552552,
    "primary_phone_type": 0,
    "secondary_phone": 5555559610,
    "secondary_phone_type": 2,
    "state": "OK",
    "street": "3454 SUNRISE ST",
    "supervisor_primary": "Cornish, Dan",
    "supervisor_primary_code": 9174,
    "termination_reason": "",
    "termination_type": "",
    "termination_date": "",
    "zipcode": 38127,
    "cat1": 342,
    "cat1desc": "IKEA",
    "cat2": "MEM",
    "cat2desc": "Memphis Branch",
    "companyLocationId": 20128
  },
  {
    "annual_salary": 0,
    "hourly_salary": 0,
    "last_pay_rate": 8.1,
    "rate_1": 11,
    "ss_number": 111111123,
    "actual_marital_status": "S",
    "actual_marital_status_description": "Single",
    "birth_date": "2/19/1972",
    "business_title": "Server",
    "city": "MEMPHIS",
    "clocksequencenumber": 155,
    "department_code": 400000,
    "department_description": "Employee",
    "eeoc_class": 9,
    "eeoc_class_description": "Service Workers",
    "employee_added": "11/23/2021",
    "employee_code": "A0N1",
    "employee_gl_code": "A0N1",
    "employee_name": "Sailorman, Popeye",
    "employee_status": "A",
    "firstname": "Poyeye",
    "fulltime_or_parttime": 1,
    "gender": 1,
    "hire_date": "4/17/2011",
    "labor_allocation_details": "[400000] - St Peters Manor - Memphis Branch",
    "lastname": "Sailorman",
    "location": "Disney",
    "nickname": "",
    "position_code": "023",
    "position_family": "Employee",
    "position_family_code": "011",
    "position_family_name": "Employee",
    "position_id": "Server",
    "position_seat_number": "001SB",
    "position_seat_title": "Server",
    "position_title": "Server",
    "primary_phone": 5555551053,
    "primary_phone_type": 0,
    "secondary_phone": "",
    "secondary_phone_type": 0,
    "state": "OK",
    "street": "2232 MCLEMORE",
    "supervisor_primary": "",
    "supervisor_primary_code": "",
    "termination_reason": "",
    "termination_type": "",
    "termination_date": "",
    "zipcode": 38106,
    "cat1": 333,
    "cat1desc": "St Peters Manor",
    "cat2": "MEM",
    "cat2desc": "Memphis Branch",
    "companyLocationId": 20128
  },
  {
    "annual_salary": 3584.46,
    "hourly_salary": 44.80575,
    "last_pay_rate": 3392.15,
    "rate_1": 0,
    "ss_number": 111111124,
    "actual_marital_status": "S",
    "actual_marital_status_description": "Single",
    "birth_date": "11/19/1969",
    "business_title": "BOH Manager",
    "city": "CORDOVA",
    "clocksequencenumber": 6063,
    "department_code": 300000,
    "department_description": "Operations",
    "eeoc_class": "",
    "eeoc_class_description": "First/Mid-Level Officials and Managers",
    "employee_added": "11/23/2021",
    "employee_code": "A0N6",
    "employee_gl_code": "A0N6",
    "employee_name": "Bear, Yogi",
    "employee_status": "A",
    "firstname": "Yogi",
    "fulltime_or_parttime": 1,
    "gender": 1,
    "hire_date": "8/15/2021",
    "labor_allocation_details": "[300000] - Memphis Branch - Memphis Branch",
    "lastname": "Bear",
    "location": "Disney",
    "nickname": "",
    "position_code": "042",
    "position_family": "Director",
    "position_family_code": "009",
    "position_family_name": "Director",
    "position_id": "BOH Manager",
    "position_seat_number": "00004",
    "position_seat_title": "BOH Manager",
    "position_title": "BOH Manager",
    "primary_phone": 5555551318,
    "primary_phone_type": 2,
    "secondary_phone": 5555512043,
    "secondary_phone_type": 3,
    "state": "OK",
    "street": "447 AMBERLY WAY DRIVE NA",
    "supervisor_primary": "Denis, JF",
    "supervisor_primary_code": "91UQ",
    "termination_reason": "",
    "termination_type": "",
    "termination_date": "",
    "zipcode": 38018,
    "cat1": 10,
    "cat1desc": "Memphis Branch",
    "cat2": "MEM",
    "cat2desc": "Memphis Branch",
    "companyLocationId": 20128
  },
  {
    "annual_salary": 0,
    "hourly_salary": 0,
    "last_pay_rate": 7.25,
    "rate_1": 11,
    "ss_number": 111111125,
    "actual_marital_status": "M",
    "actual_marital_status_description": "Married",
    "birth_date": "1/24/1958",
    "business_title": "Bartender",
    "city": "HERNANDO",
    "clocksequencenumber": 2722,
    "department_code": 400000,
    "department_description": "Employee",
    "eeoc_class": 9,
    "eeoc_class_description": "Service Workers",
    "employee_added": "11/23/2021",
    "employee_code": "A0NR",
    "employee_gl_code": "A0NR",
    "employee_name": "Cat, Felix",
    "employee_status": "A",
    "firstname": "Felix",
    "fulltime_or_parttime": 1,
    "gender": 2,
    "hire_date": "7/27/2018",
    "labor_allocation_details": "[400000] - West Clinic - Airways - Memphis Branch",
    "lastname": "Cat",
    "location": "Disney",
    "nickname": "",
    "position_code": "047",
    "position_family": "Employee",
    "position_family_code": "011",
    "position_family_name": "Employee",
    "position_id": "Bartender",
    "position_seat_number": "0029W",
    "position_seat_title": "Bartender",
    "position_title": "Bartender",
    "primary_phone": 5555553495,
    "primary_phone_type": 2,
    "secondary_phone": 5555559610,
    "secondary_phone_type": 2,
    "state": "MS",
    "street": "5455 PANOLA",
    "supervisor_primary": "White, Mark",
    "supervisor_primary_code": 9174,
    "termination_reason": "",
    "termination_type": "",
    "termination_date": "",
    "zipcode": 38632,
    "cat1": 1218,
    "cat1desc": "West Clinic - Airways",
    "cat2": "MEM",
    "cat2desc": "Memphis Branch",
    "companyLocationId": 20128
  },
  {
    "annual_salary": 0,
    "hourly_salary": 0,
    "last_pay_rate": 7.25,
    "rate_1": 11,
    "ss_number": 111111126,
    "actual_marital_status": "S",
    "actual_marital_status_description": "Single",
    "birth_date": "12/9/1963",
    "business_title": "Bartender",
    "city": "MEMPHIS",
    "clocksequencenumber": 2078,
    "department_code": 400000,
    "department_description": "Employee",
    "eeoc_class": 9,
    "eeoc_class_description": "Service Workers",
    "employee_added": "11/23/2021",
    "employee_code": "A0OC",
    "employee_gl_code": "A0OC",
    "employee_name": "Flintstone, Fred",
    "employee_status": "A",
    "firstname": "Fred",
    "fulltime_or_parttime": 1,
    "gender": 2,
    "hire_date": "4/4/2017",
    "labor_allocation_details": "[400000] - OPUS East Memphis - Memphis Branch",
    "lastname": "Flintstone",
    "location": "Disney",
    "nickname": "",
    "position_code": "047",
    "position_family": "Employee",
    "position_family_code": "011",
    "position_family_name": "Employee",
    "position_id": "Bartender",
    "position_seat_number": "00243",
    "position_seat_title": "Bartender",
    "position_title": "Bartender",
    "primary_phone": 5555559246,
    "primary_phone_type": 0,
    "secondary_phone": 5555555854,
    "secondary_phone_type": 0,
    "state": "LA",
    "street": "23232 CLEARPARK DR",
    "supervisor_primary": "Cornish, Dan",
    "supervisor_primary_code": "93N5",
    "termination_reason": "",
    "termination_type": "",
    "termination_date": "",
    "zipcode": 38127,
    "cat1": 1282,
    "cat1desc": "OPUS East Memphis",
    "cat2": "MEM",
    "cat2desc": "Memphis Branch",
    "companyLocationId": 20128
  },
  {
    "annual_salary": 0,
    "hourly_salary": 0,
    "last_pay_rate": 7.25,
    "rate_1": 11,
    "ss_number": 111111127,
    "actual_marital_status": "M",
    "actual_marital_status_description": "Married",
    "birth_date": "5/15/1953",
    "business_title": "Server",
    "city": "MEMPHIS",
    "clocksequencenumber": 980,
    "department_code": 400000,
    "department_description": "Employee",
    "eeoc_class": 9,
    "eeoc_class_description": "Service Workers",
    "employee_added": "11/23/2021",
    "employee_code": "A0OR",
    "employee_gl_code": "A0OR",
    "employee_name": "Fudd, Elmer",
    "employee_status": "A",
    "firstname": "Elmer",
    "fulltime_or_parttime": 1,
    "gender": 2,
    "hire_date": "11/6/2014",
    "labor_allocation_details": "[400000] - West Clinic - Wolf River - Memphis Branch",
    "lastname": "Fudd",
    "location": "Disney",
    "nickname": "",
    "position_code": "023",
    "position_family": "Employee",
    "position_family_code": "011",
    "position_family_name": "Employee",
    "position_id": "Server",
    "position_seat_number": "001H9",
    "position_seat_title": "Server",
    "position_title": "Server",
    "primary_phone": 5555553321,
    "primary_phone_type": 0,
    "secondary_phone": 5555551777,
    "secondary_phone_type": 2,
    "state": "LA",
    "street": "2323 COURTNEY DR",
    "supervisor_primary": "Denis, JF",
    "supervisor_primary_code": 9174,
    "termination_reason": "",
    "termination_type": "",
    "termination_date": "",
    "zipcode": 38128,
    "cat1": 1164,
    "cat1desc": "West Clinic - Wolf River",
    "cat2": "MEM",
    "cat2desc": "Memphis Branch",
    "companyLocationId": 20128
  },
  {
    "annual_salary": 0,
    "hourly_salary": 0,
    "last_pay_rate": 7.25,
    "rate_1": 11,
    "ss_number": 111111128,
    "actual_marital_status": "S",
    "actual_marital_status_description": "Single",
    "birth_date": "7/24/1969",
    "business_title": "Bartender",
    "city": "MEMPHIS",
    "clocksequencenumber": 1588,
    "department_code": 400000,
    "department_description": "Employee",
    "eeoc_class": 9,
    "eeoc_class_description": "Service Workers",
    "employee_added": "11/23/2021",
    "employee_code": "A0OS",
    "employee_gl_code": "A0OS",
    "employee_name": "Doo, Scooby",
    "employee_status": "A",
    "firstname": "Scooby",
    "fulltime_or_parttime": 1,
    "gender": 2,
    "hire_date": "5/2/2016",
    "labor_allocation_details": "[400000] - Glen Alden HOA - Memphis Branch",
    "lastname": "Doo",
    "location": "Disney",
    "nickname": "",
    "position_code": "047",
    "position_family": "Employee",
    "position_family_code": "011",
    "position_family_name": "Employee",
    "position_id": "Bartender",
    "position_seat_number": "0029P",
    "position_seat_title": "Bartender",
    "position_title": "Bartender",
    "primary_phone": 5555553915,
    "primary_phone_type": 2,
    "secondary_phone": 5555552909,
    "secondary_phone_type": 1,
    "state": "LA",
    "street": "5677 POJEST DRIVE",
    "supervisor_primary": "White, Mark",
    "supervisor_primary_code": 9174,
    "termination_reason": "",
    "termination_type": "",
    "termination_date": "",
    "zipcode": 38127,
    "cat1": 77,
    "cat1desc": "Glen Alden HOA",
    "cat2": "MEM",
    "cat2desc": "Memphis Branch",
    "companyLocationId": 20128
  },
  {
    "annual_salary": 0,
    "hourly_salary": 0,
    "last_pay_rate": 11,
    "rate_1": 7.25,
    "ss_number": 111111129,
    "actual_marital_status": "S",
    "actual_marital_status_description": "Single",
    "birth_date": "5/17/1986",
    "business_title": "",
    "city": "MEMPHIS",
    "clocksequencenumber": 5097,
    "department_code": 400000,
    "department_description": "Employee",
    "eeoc_class": 9,
    "eeoc_class_description": "Service Workers",
    "employee_added": "11/23/2021",
    "employee_code": "A0P0",
    "employee_gl_code": "A0P0",
    "employee_name": "Pig, Porky",
    "employee_status": "A",
    "firstname": "Porky",
    "fulltime_or_parttime": 1,
    "gender": 2,
    "hire_date": "8/30/2021",
    "labor_allocation_details": "[400000] - Crosstown Master Tenant LLC - Memphis Branch",
    "lastname": "Pig",
    "location": "Disney",
    "nickname": "",
    "position_code": "023",
    "position_family": "Employee",
    "position_family_code": "011",
    "position_family_name": "Employee",
    "position_id": "",
    "position_seat_number": "",
    "position_seat_title": "",
    "position_title": "",
    "primary_phone": 5555558820,
    "primary_phone_type": 0,
    "secondary_phone": 5555558130,
    "secondary_phone_type": 0,
    "state": "LA",
    "street": "7887 HAMILTON ST",
    "supervisor_primary": "",
    "supervisor_primary_code": "",
    "termination_reason": "",
    "termination_type": "",
    "termination_date": "",
    "zipcode": 38114,
    "cat1": 1167,
    "cat1desc": "Crosstown Master Tenant LLC",
    "cat2": "MEM",
    "cat2desc": "Memphis Branch",
    "companyLocationId": 20128
  },
  {
    "annual_salary": 0,
    "hourly_salary": 0,
    "last_pay_rate": 8.1,
    "rate_1": 11,
    "ss_number": 111111130,
    "actual_marital_status": "M",
    "actual_marital_status_description": "Married",
    "birth_date": "7/20/1949",
    "business_title": "Bartender",
    "city": "MEMPHIS",
    "clocksequencenumber": 260,
    "department_code": 400000,
    "department_description": "Employee",
    "eeoc_class": 9,
    "eeoc_class_description": "Service Workers",
    "employee_added": "11/23/2021",
    "employee_code": "A0PO",
    "employee_gl_code": "A0PO",
    "employee_name": "Coyote, Wile E.",
    "employee_status": "A",
    "firstname": "Wile",
    "fulltime_or_parttime": 1,
    "gender": 1,
    "hire_date": "12/7/2011",
    "labor_allocation_details": "[400000] - Central Transport - Memphis - Memphis Branch",
    "lastname": "Coyote",
    "location": "Disney",
    "nickname": "",
    "position_code": "047",
    "position_family": "Employee",
    "position_family_code": "011",
    "position_family_name": "Employee",
    "position_id": "Bartender",
    "position_seat_number": "0027T",
    "position_seat_title": "Bartender",
    "position_title": "Bartender",
    "primary_phone": 5555550577,
    "primary_phone_type": 0,
    "secondary_phone": "",
    "secondary_phone_type": 0,
    "state": "LA",
    "street": "30894 BRIDGE MEADOWS CV",
    "supervisor_primary": "",
    "supervisor_primary_code": "",
    "termination_reason": "",
    "termination_type": "",
    "termination_date": "",
    "zipcode": 38125,
    "cat1": 1126,
    "cat1desc": "Central Transport - Memphis",
    "cat2": "MEM",
    "cat2desc": "Memphis Branch",
    "companyLocationId": 20128
  }
]