PaycomCat1,PaycomCat1Desc,PaycomCat2,PaycomCat2Desc,WinTeamLocationId,WinTeamLocationName,WinTeamPrimaryJobId
2,Memphis University School (MUS),MEM,Memphis,1,Memphis,2
6,Hobson Building,MEM,Memphis,1,Memphis,6
10,Memphis Branch,MEM,Memphis,1,Memphis,10
12,SK Absolics,9911,"Atlanta, Georgia",10,"Atlanta, Georgia",12
15,Lakeside,MEM,Memphis,1,Memphis,15
16,Collegiate School of Memphis,MEM,Memphis,1,Memphis,16
22,Elos Medtech,MEM,Memphis,1,Memphis,22
25,Harry Skefos - Omni office,MEM,Memphis,1,Memphis,25
28,Highwoods Properties,NASH,Nashville,6,Nashville,28
29,Thompson Machinery,MEM,Memphis,1,Memphis,29
32,BOSK Glendale,KY,Kentucky,11,Kentucky,32
34,Concorder Career Colleges - Southaven,MEM,Memphis,1,Memphis,34
37,St. Jude - Auto Zone Park,MEM,Memphis,1,Memphis,37
39,Riviana Foods - Frost,MEM,Memphis,1,Memphis,39
41,NuVasive Main,MEM,Memphis,1,Memphis,41
42,City Patrol 1,MEM,Memphis,1,Memphis,42
44,St. Louis Church/School,MEM,Memphis,1,Memphis,44
45,BOSK TN Arlington,MEM,Memphis,1,Memphis,45
46,BOSK Stanton,MEM,Memphis,1,Memphis,46
50,Send Relief Memphis Ministry Center,MEM,Memphis,1,Memphis,50
51,1604 Union Ave City Patrol,MEM,Memphis,1,Memphis,51
53,AnovoRx,MEM,Memphis,1,Memphis,53
54,Ridgeway Trace,MEM,Memphis,1,Memphis,54
60,Central BBQ Summer Ave,MEM,Memphis,1,Memphis,60
61,Central BBQ Downtown,MEM,Memphis,1,Memphis,61
63,Ferrell Paving - Metro Material,MEM,Memphis,1,Memphis,63
68,Southern Glazers,MEM,Memphis,1,Memphis,68
69,CT Norcross,9911,"Atlanta, Georgia",10,"Atlanta, Georgia",69
71,Regalia Shopping Center,MEM,Memphis,1,Memphis,71
72,Ridgeway Center,MEM,Memphis,1,Memphis,72
77,Glen Alden HOA,MEM,Memphis,1,Memphis,77
82,Admin Support,MEM,Memphis,1,Memphis,82
85,Baptist Memorial Group,MEM,Memphis,1,Memphis,85
86,Thousand Oaks,MEM,Memphis,1,Memphis,86
87,Belvedere,MEM,Memphis,1,Memphis,87
90,Dallas Branch,TXO,Dallas,3,Dallas,90
91,St. George's Wolf River,MEM,Memphis,1,Memphis,91
92,St. George's Poplar,MEM,Memphis,1,Memphis,92
93,St. George's Kimball Ave,MEM,Memphis,1,Memphis,93
94,700 Colonial Rd,MEM,Memphis,1,Memphis,94
99,TeamTime Last Resort Job,MEM,Memphis,1,Memphis,99
114,James Gattas Jewelers,MEM,Memphis,1,Memphis,114
120,CT Moreland,9911,"Atlanta, Georgia",10,"Atlanta, Georgia",120
125,Crime Victims Center,MEM,Memphis,1,Memphis,125
128,Epiq Global,MEM,Memphis,1,Memphis,128
129,LINC- Getwell,MEM,Memphis,1,Memphis,129
201,Sedgwick,MEM,Memphis,1,Memphis,201
202,Nidec Motors,MEM,Memphis,1,Memphis,202
203,Humane Society of Memphis & Shelby Co,MEM,Memphis,1,Memphis,203
205,United Way of the Mid South,MEM,Memphis,1,Memphis,205
206,ALSAC NEO,MEM,Memphis,1,Memphis,206
207,Southwind Office park,MEM,Memphis,1,Memphis,207
209,BOSK/Glendale - Corporate Office,KY,Kentucky,11,Kentucky,209
211,Chickasaw Oaks Village,MEM,Memphis,1,Memphis,211
213,Williamsburg Village,MEM,Memphis,1,Memphis,213
214,Ridge Lake Blvd,MEM,Memphis,1,Memphis,214
215,Jeff Willis,MEM,Memphis,1,Memphis,215
216,Southern College of Optometry,MEM,Memphis,1,Memphis,216
217,BOSK TN Microport,MEM,Memphis,1,Memphis,217
218,Girls Inc of Memphis,MEM,Memphis,1,Memphis,218
219,999 Shady Grove,MEM,Memphis,1,Memphis,219
221,Shelby Cares,MEM,Memphis,1,Memphis,221
222,BOSK ECTC/Training,KY,Kentucky,11,Kentucky,222
224,Staybridge Suites,MEM,Memphis,1,Memphis,224
225,Brother Juniper - Event,MEM,Memphis,1,Memphis,225
226,Runyon Industries,MEM,Memphis,1,Memphis,226
300,Hickory Ridge Town Center,MEM,Memphis,1,Memphis,300
333,St Peters Manor,MEM,Memphis,1,Memphis,333
342,IKEA,MEM,Memphis,1,Memphis,342
700,Corporate Office,MEM,Memphis,1,Memphis,700
858,Hyosung Power Plant - Mitsubushi,MEM,Memphis,1,Memphis,858
928,Dixon Gallery & Gardens,MEM,Memphis,1,Memphis,928
931,Germantown Storage,MEM,Memphis,1,Memphis,931
935,Triad Center,MEM,Memphis,1,Memphis,935
940,Trustmark Centre (Hobson Building),MEM,Memphis,1,Memphis,940
1126,Central Transport - Memphis,MEM,Memphis,1,Memphis,1126
1128,Harding School of Theology,MEM,Memphis,1,Memphis,1128
1129,Delta Prep Charter School,MEM,Memphis,1,Memphis,1129
1133,Belz Gateway Shopping Center,MEM,Memphis,1,Memphis,1133
1134,Boyle Investment Company,MEM,Memphis,1,Memphis,1134
1135,Belz South Plaza Shopping Center,MEM,Memphis,1,Memphis,1135
1136,Belz South Gate Shopping Center,MEM,Memphis,1,Memphis,1136
1139,Belz Harbin Shopping Center,MEM,Memphis,1,Memphis,1139
1141,Overton Square,MEM,Memphis,1,Memphis,1141
1142,Highland Strip,MEM,Memphis,1,Memphis,1142
1144,The Memphian,MEM,Memphis,1,Memphis,1144
1147,New Hope Christian Academy,MEM,Memphis,1,Memphis,1147
1149,Century Center Business Park,MEM,Memphis,1,Memphis,1149
1154,Premium Guard Inc.,MEM,Memphis,1,Memphis,1154
1157,Asics,MEM,Memphis,1,Memphis,1157
1160,Bryce Corporation,MEM,Memphis,1,Memphis,1160
1167,Crosstown Master Tenant LLC,MEM,Memphis,1,Memphis,1167
1168,The Woodmont Company,MEM,Memphis,1,Memphis,1168
1169,Universal Dallas,TXO,Dallas,3,Dallas,1169
1171,Horizon Tire,MEM,Memphis,1,Memphis,1171
1175,Barrett MS2,MEM,Memphis,1,Memphis,1175
1178,Shelby County Community Services,MEM,Memphis,1,Memphis,1178
1179,Shelby County YFRC,MEM,Memphis,1,Memphis,1179
1180,Graceland,MEM,Memphis,1,Memphis,1180
1185,Hope Federal Credit Union,MEM,Memphis,1,Memphis,1185
1191,Draslovka,MEM,Memphis,1,Memphis,1191
1192,Clark Tower,MEM,Memphis,1,Memphis,1192
1196,Waterford Plaza,MEM,Memphis,1,Memphis,1196
1203,Encompass Health Methodist Rehabilitation Hospital,MEM,Memphis,1,Memphis,1203
1205,White Station Tower,MEM,Memphis,1,Memphis,1205
1206,Lynnfield Place,MEM,Memphis,1,Memphis,1206
1207,Golden Bolt,MEM,Memphis,1,Memphis,1207
1208,Saddle Creek,MEM,Memphis,1,Memphis,1208
1209,Rhodes College,MEM,Memphis,1,Memphis,1209
1210,Pinnacle Bank - Poplar,MEM,Memphis,1,Memphis,1210
1211,Pinnacle Bank - Shady Grove,MEM,Memphis,1,Memphis,1211
1212,Pinnacle Bank - Rozelle,MEM,Memphis,1,Memphis,1212
1213,Pinnacle Bank - Elvis Presley,MEM,Memphis,1,Memphis,1213
1214,One Commerce Square,MEM,Memphis,1,Memphis,1214
1224,Kruger Products,MEM,Memphis,1,Memphis,1224
1229,Alsac,MEM,Memphis,1,Memphis,1229
1236,Nashville Branch,NASH,Nashville,6,Nashville,1236
1238,Universal Dedicated of Arlington,TXO,Dallas,3,Dallas,1238
1240,New Millennium,MEM,Memphis,1,Memphis,1240
1241,One Commerce Square Parking,MEM,Memphis,1,Memphis,1241
1243,Intuitive Surgical,MEM,Memphis,1,Memphis,1243
1245,Harry Skefos - Covington Pike Center,MEM,Memphis,1,Memphis,1245
1246,Harry Skefos - Executive Plaza,MEM,Memphis,1,Memphis,1246
1247,The Columns at One Commerce Square,MEM,Memphis,1,Memphis,1247
1248,Cart.Com Dallas #01,TXO,Dallas,3,Dallas,1248
1249,Cart.Com - Dallas #02,TXO,Dallas,3,Dallas,1249
1250,Cart.Com - Longview,TXO,Dallas,3,Dallas,1250
1257,Reynolds Bone & Griesbeck PLC,MEM,Memphis,1,Memphis,1257
1258,John Wilfong,MEM,Memphis,1,Memphis,1258
1261,Baptist Memorial Hospital,MEM,Memphis,1,Memphis,1261
1262,Christ Covenant Reforned Church,MEM,Memphis,1,Memphis,1262
1265,Zona Facta Collective,MEM,Memphis,1,Memphis,1265
1266,Poplar Collection,MEM,Memphis,1,Memphis,1266
1269,Superlo Spottswood,MEM,Memphis,1,Memphis,1269
1270,Superlo Covington Pike,MEM,Memphis,1,Memphis,1270
1271,Superlo N Watkins,MEM,Memphis,1,Memphis,1271
1272,Superlo Winchester,MEM,Memphis,1,Memphis,1272
1273,Superlo Quince,MEM,Memphis,1,Memphis,1273
1274,Superlo S Perkins,MEM,Memphis,1,Memphis,1274
1275,Superlo Lamar,MEM,Memphis,1,Memphis,1275
1276,Superlo Macon Rd,MEM,Memphis,1,Memphis,1276
1277,Superlo Goodman Rd,MEM,Memphis,1,Memphis,1277
1278,Aero Global Logistics,MEM,Memphis,1,Memphis,1278
1280,SK Lotte Euless,TXO,Dallas,3,Dallas,1280
1282,OPUS East Memphis,MEM,Memphis,1,Memphis,1282
1283,Harbor Town,MEM,Memphis,1,Memphis,1283
1284,Fox 13 Memphis,MEM,Memphis,1,Memphis,1284
9901,MEM1,MEM,Memphis,1,Memphis,9901
9902,MEM2,MEM,Memphis,1,Memphis,9902
9903,MEM3,MEM,Memphis,1,Memphis,9903
9904,MEM4,MEM,Memphis,1,Memphis,9904
9905,DAL1,TXO,Dallas,3,Dallas,9905
9907,NAS1,NASH,Nashville,6,Nashville,9907
9909,Riviana Foods,MEM,Memphis,1,Memphis,9909
9910,ATL1,9911,"Atlanta, Georgia",10,"Atlanta, Georgia",9910
9911,Atlanta Branch,9911,"Atlanta, Georgia",10,"Atlanta, Georgia",9911
9912,Kentucky Branch,KY,Kentucky,11,Kentucky,9912
BalSheet,Balance Sheet,MEM,Memphis,1,Memphis,BalSheet
4,W.M Barr,MEM,Memphis,1,Memphis,4
1233,CBRE - 5215 Lamar Ave,MEM,Memphis,1,Memphis,1233
1201,Patterson Warehouse,MEM,Memphis,1,Memphis,1201
206,ALSAC NEO,MEM,Memphis,1,Memphis,206
209,BOSK/Glendale - Corporate Office,KY,Kentucky,11,Kentucky,209
9912,Kentucky Branch,KY,Kentucky,11,Kentucky,9912
207,Southwind Office park,MEM,Memphis,1,Memphis,207
211,Chickasaw Oaks Village,MEM,Memphis,1,Memphis,211
217,BOSK TN Microport,MEM,Memphis,1,Memphis,217
218,Girls Inc of Memphis,MEM,Memphis,1,Memphis,218
216,Southern College of Optometry,MEM,Memphis,1,Memphis,216
213,Williamsburg Village,MEM,Memphis,1,Memphis,213
214,Ridge Lake Blvd,MEM,Memphis,1,Memphis,214
222,BOSK ECTC/Training,KY,Kentucky,11,Kentucky,222
229,Central BBQ - Midtown,MEM,Memphis,1,Memphis,229
226,Runyon Industries,MEM,Memphis,1,Memphis,226
5,UTSI finance,MEM,Memphis,1,Memphis,5
83,HSAGP,9911,"Atlanta, Georgia",10,"Atlanta, Georgia",83
75,Carriage Crossing,MEM,Memphis,1,Memphis,75
84,Brookhaven Pub,MEM,Memphis,1,Memphis,84
97,Greater Memphis Chamber,MEM,Memphis,1,Memphis,97
232,Pam Transport Conley,9911,"Atlanta, Georgia",10,"Atlanta, Georgia",232
231,Sagemont,KY,Kentucky,11,Kentucky,231
234,FSK L&S,KY,Kentucky,11,Kentucky,234
235,Insituform,MEM,Memphis,1,Memphis,235
9913,Federal Alarm,MEM,Memphis,1,Memphis,9913
106,American Plastic Toys,MEM,Memphis,1,Memphis,106
116,Crown Enterprise,9911,"Atlanta, Georgia",10,"Atlanta, Georgia",116
141,Shelby Crossing,MEM,Memphis,1,Memphis,141
133,Golden Bolt 2,MEM,Memphis,1,Memphis,133
237,Turner Construction,MEM,Memphis,1,Memphis,237
4,"W.M. Barr & Company, INC",MEM,Memphis,1,Memphis,4
228,Aaon,MEM,Memphis,1,Memphis,228
1217,KLLM,MEM,Memphis,1,Memphis,1217
